idx,shannon_raw,shannon_cal,semantic_entropy,n_clusters,k,extra_energy_j,base_energy_j,overhead_x,wall_s,small_score
0,4.051734314337373,15.697804406483968,-0.0,1,3,1050.8445796598016,513.7790009300984,3.0453241135925153,17.69564420899769,1
1,2.496761078480631,14.556163056691487,1.584962500721156,3,3,1017.1324407743966,461.6598866440516,3.2032073182018186,16.839226626998425,2
2,2.929028881021465,14.811373456319172,1.584962500721156,3,3,1023.2437407992007,466.0824413778418,3.1954136220499274,16.535460921997583,3
3,2.1410642428447804,14.927357444763183,1.584962500721156,3,3,1036.2745610881025,469.2470265727984,3.208377469446439,16.50743850699655,1
4,0.6701649357192219,13.755195026397706,1.584962500721156,3,3,979.0845646560219,157.09791017034283,7.232320745669951,15.559787758997118,1
5,1.1266220260970294,14.805699884096782,1.584962500721156,3,3,1051.2903821074347,472.5799009405533,3.2245770080680565,16.580611388999387,2
6,3.0998466206435116,15.222229983011882,1.584962500721156,3,3,1066.4150337813621,477.656899113532,3.232596317064586,16.72252173999732,2
7,2.7872585181767744,15.042043584187825,1.584962500721156,3,3,744.7273540562021,467.3529529134181,2.5935009063571073,11.579774442001508,1
8,1.6672701222728938,14.158326780001323,1.584962500721156,3,3,1063.3371091115982,475.6956440347232,3.2353307675736893,16.418194304998906,3
9,2.830463912061726,14.68067388534546,1.584962500721156,3,3,1073.5294413428885,473.75363117620003,3.2660078376130017,16.413772289000917,2
10,1.9855890221272905,14.133701076507569,1.584962500721156,3,3,947.433700361827,466.73911637138434,3.029899931523961,14.435849747002067,2
11,2.279426337437083,14.49866449991862,0.9182958340544896,2,3,1088.7522949133972,474.7398700107968,3.29336603830775,16.487652624000475,3
12,2.8275835807000598,15.474594198862711,0.9182958340544896,2,3,1099.485846282507,475.8158562379759,3.3107381392784165,16.513386077996984,2
13,2.7562085153286655,15.260968271891276,1.584962500721156,3,3,777.9070589540027,465.63773819090346,2.6706271746279167,11.725550750001275,2
14,1.8930264275086424,14.460855038960775,1.584962500721156,3,3,1101.1679194739618,464.6658239717896,3.369806133064813,16.465539012999216,3
15,2.5833222446901103,14.991872374216715,1.584962500721156,3,3,1030.0999350407762,471.94006581033074,3.1826922731641223,15.247045781998168,3
16,2.2957590599171818,15.149245065053304,1.584962500721156,3,3,1111.7175029783664,466.72070745530016,3.3819759552555104,16.36481790900143,2
17,1.97759093509987,14.392486305236817,1.584962500721156,3,3,1117.8398413475697,467.2194927778138,3.3925368239701386,16.366008614000748,3
18,1.0724953898013785,15.015183375431942,1.584962500721156,3,3,1169.7557760899083,40.34693769197758,29.992430231514142,17.0360627379996,1
19,1.9372674285481541,14.79467354790639,1.584962500721156,3,3,1179.8616851292845,184.10636287616927,7.40858722478193,17.15818721799951,4
20,3.2099785446748137,15.820302588144939,0.9182958340544896,2,3,1148.6981589719624,470.88781236152374,3.439430643174197,16.58603133500219,1
21,1.7897754901430258,14.650486764907837,1.584962500721156,3,3,1148.2783433895363,470.752153577455,3.4392418274951235,16.43662228500034,2
22,2.4403002836058536,14.893389873504638,1.584962500721156,3,3,1148.141978939094,469.5724544376368,3.44507949324693,16.382700632002525,4
23,1.6227360706746814,14.540940012250628,1.584962500721156,3,3,762.218382787795,199.6892902647523,4.817021843170607,10.828388349000306,4
24,2.4722717916592956,14.548992287317912,1.584962500721156,3,3,1156.6510020267046,475.3020941882142,3.4335070603932243,16.39418841099905,4
25,0.9979357677870072,14.868185263413649,1.584962500721156,3,3,862.6562038370286,40.07680254207933,22.52507558284541,12.211404794998089,1
26,1.83511875028722,14.832258599599202,1.584962500721156,3,3,1152.598213732179,475.58314810224226,3.4235472142599765,16.229963056997804,3
27,1.4270454966276884,14.828530460993449,1.584962500721156,3,3,1169.814937101588,466.3510600751461,3.508442753219191,16.371929152999655,2
28,3.0295981138478965,14.966559289296468,0.9182958340544896,2,3,1175.590796452961,459.3210733182153,3.5594096694939092,16.372676364000654,2
29,2.1610780283653486,14.663327490488689,1.584962500721156,3,3,1180.8756506492161,458.10503902966735,3.577739928708231,16.385687358000723,2
30,1.5324922443460673,15.342800941467285,0.9182958340544896,2,3,1175.919689430928,463.8340863292652,3.535216199260029,16.28287266299958,2
31,1.6692367349471897,14.291798267364502,1.584962500721156,3,3,1176.9182645735254,471.26599849843797,3.4973545053610025,16.18892891199721,5
32,2.0963340016175063,14.45975783665975,1.584962500721156,3,3,1197.7832763026513,467.74453658047645,3.5607637986736167,16.37916624600257,3
33,1.554139987186839,14.557560997009277,1.584962500721156,3,3,1194.2660932234187,467.1423377945988,3.5565357635139767,16.356884775999788,1
34,1.1705569851553688,14.518831977844238,0.9182958340544896,2,3,1185.763249371898,470.9252495246634,3.5179436663648183,16.315677727001457,2
35,0.8645624707701306,13.780214239756265,1.584962500721156,3,3,1178.552204073029,469.539115066284,3.5100192215224815,16.32618940300017,1
36,2.206745545929298,14.840169569651286,1.584962500721156,3,3,1184.5942414030997,467.16685080427663,3.5356984113142804,16.32232206200206,2
37,2.4632617085892705,14.964335098266602,1.584962500721156,3,3,836.2871900586598,470.07894918143523,2.7790356099010936,11.51944816499963,1
38,1.7525879370203863,14.983563028971354,0.9182958340544896,2,3,1196.5188236958527,467.8213390705566,3.557640543018057,16.37844423700153,1
39,2.895256615787124,15.61249735514323,-0.0,1,3,1187.1705909411505,469.640888621576,3.5278263024021763,16.309830300000613,2
40,1.7954404796991084,14.04997331124765,1.584962500721156,3,3,600.2326673212381,83.2696979159688,8.208296443286725,8.315917058000196,5
41,1.751931105153635,14.391563733418783,1.584962500721156,3,3,1169.7737304753448,466.6267626394461,3.506872353095631,16.24229911099974,3
42,2.053731522851934,14.363097724914551,1.584962500721156,3,3,1177.8995581232896,466.167724467523,3.526772009942854,16.284098182997695,3
43,2.2417344848283878,14.291218849817911,0.9182958340544896,2,3,1177.351352038973,462.0918175288175,3.5478731874873537,16.27802323799915,2
44,2.45039839308088,14.658452053070068,1.584962500721156,3,3,1196.695773475837,472.6818541271313,3.5317150701409767,16.462669067001116,1
45,3.319465603167191,16.075534222920737,-0.0,1,3,1188.5493461090227,470.5026610392363,3.5261267247326087,16.284243969999807,3
46,1.201992117036134,14.081128463745117,1.584962500721156,3,3,1185.3005646993918,465.1835246004093,3.5480278256147613,16.34631997899851,2
47,1.3915093317907303,14.83274824142456,1.584962500721156,3,3,1188.729139065069,468.59494429234974,3.5367946315772407,16.32363527599955,3
48,4.526951487114032,15.89122719446818,0.9182958340544896,2,3,1174.97743693627,467.6686385231623,3.512414432249933,16.38150610199955,1
49,2.452742185095946,14.439224452972413,1.584962500721156,3,3,1190.7772086845675,465.2671530819038,3.5593408019391126,16.466248414999427,3
50,2.6039227546441057,15.094543107350667,1.584962500721156,3,3,1177.6463637969212,472.0598234575078,3.4946972931767117,16.256496970003354,1
51,2.3875751707827053,14.248558139801025,1.584962500721156,3,3,845.3735318978627,471.40057589920804,2.793323078329491,11.647079752001446,2
52,1.4240373542102485,15.383967839754545,1.584962500721156,3,3,484.5042207467104,45.49353656894781,11.649957274972877,6.703139561999706,5
53,1.3481288953653225,14.633116397857666,1.584962500721156,3,3,1207.4253578013024,470.87383622785177,3.5642226535114596,16.665668071000255,2
54,1.0112500553640227,14.164524930318196,1.584962500721156,3,3,1206.4034391440769,477.85133709548865,3.5246417567374144,16.653058341998985,2
55,2.7327345659131885,15.145052409562908,0.9182958340544896,2,3,562.5752301569416,194.33046507404808,3.894940996217844,7.82409812500191,2
56,2.5163318979150304,15.11743237177531,1.584962500721156,3,3,1203.8363302174112,481.16174081223477,3.5019369332758066,16.815352035002434,3
57,1.9562768001419804,14.390101839701334,1.584962500721156,3,3,1193.013332269284,482.64169893628844,3.471840570134345,16.447643686999072,3
58,1.9527755060280936,14.39625722118932,1.584962500721156,3,3,1194.8274616706349,365.4346973222878,4.2696059526522765,16.48841405499843,4
59,3.8789195764716715,15.2774973487854,1.584962500721156,3,3,1201.9691891919254,462.14033064519356,3.6008749063598446,16.51951650800038,3
60,1.730129781626165,14.266427370707193,1.584962500721156,3,3,1206.634127590693,465.32958179106663,3.5930741882910695,16.610495502001868,3
61,2.4168857254137817,14.728392464773995,0.9182958340544896,2,3,1197.1177599554849,349.52631521099084,4.4249717628066065,16.363522726001975,4
62,0.6782676726378661,13.530399705008637,1.584962500721156,3,3,1191.563517873432,433.78575804921303,3.7468940502612096,16.425763464001648,1
63,1.7480564801208676,14.034887962341308,1.584962500721156,3,3,1177.3517327501493,474.3542481426143,3.4820094630968272,16.442631775000336,4
64,1.0090830374309527,15.175187860216413,1.584962500721156,3,3,830.185276306058,44.7515255010452,19.550993893753823,11.533953641999688,1
65,2.0041353037642935,15.297224890391032,1.584962500721156,3,3,1193.441450368392,469.8353247432829,3.540127120114874,16.462885697001184,1
66,1.629054755916198,14.347542368570963,0.9182958340544896,2,3,1186.5895636678988,467.8279119301608,3.53638043692664,16.432548003998818,3
67,0.7614515590419372,13.70349173227946,1.584962500721156,3,3,1189.0863114394306,470.9188878343856,3.5250342302210074,16.287178001999564,2
68,2.8651764572629084,14.991597245534262,1.584962500721156,3,3,1204.5189067864937,474.8488587969933,3.536636414875429,16.518264682003064,1
69,1.0963831274171494,13.92403861454555,1.584962500721156,3,3,372.76967940724154,86.91018478804754,5.289136886733524,5.211478774002899,5
70,2.2291061664155376,14.785033594767253,1.584962500721156,3,3,1181.1640878460032,469.3959577951084,3.5163490827536736,16.482971954003006,1
71,2.1217847255167444,14.322843142918178,1.584962500721156,3,3,1173.2214195149772,245.78432722946454,5.773377671146852,16.22173987899805,2
72,2.3936407088985048,15.517932351430257,0.9182958340544896,2,3,1190.925686679175,475.20043077654856,3.506154476192339,16.508374749999348,2
73,2.5546815681147077,14.555949611663818,1.584962500721156,3,3,1182.861471940606,473.708825538254,3.4970222384955014,16.189367648999905,3
74,2.2837605412801105,14.816597499847411,1.584962500721156,3,3,1138.13753810332,470.44798780790325,3.419263271603263,15.629799742000614,2
75,1.4478495727991685,14.727111387252808,1.584962500721156,3,3,692.6242013528855,123.66196854994618,6.600947562735422,9.56056722699941,4
76,2.8426132915510487,14.816977144877116,-0.0,1,3,1160.3387951164543,471.0980078067992,3.4630517979017177,16.17585099900316,3
77,3.0949321435972936,15.34693735037277,1.584962500721156,3,3,967.7094342011928,418.84865317211086,3.3104035953615623,13.452649324000959,3
78,2.345513355713792,14.952616110080626,1.584962500721156,3,3,621.3941085991974,130.94455582673447,5.745474943008891,8.631146100000478,4
79,2.195820004153665,14.821325760076542,1.584962500721156,3,3,874.8279346741743,317.2243715307866,3.7577576415476406,12.091484836000745,2
80,0.8118335521966219,13.71139422893524,0.9182958340544896,2,3,1192.946838943757,468.2624292565937,3.5476031481698445,16.381793237000238,2
81,2.6423199955218784,15.042005449930826,1.584962500721156,3,3,1191.4018820560589,467.6979364061178,3.5473746820672836,16.33250445900194,1
82,2.526569124889271,14.590345968049148,0.9182958340544896,2,3,1180.2024053061532,452.7367044398018,3.606818474694885,16.28078492200075,1
83,2.2093487850017848,14.266537971496582,1.584962500721156,3,3,1031.710771032487,470.461649644688,3.192975286745854,14.310978648001765,3
84,2.4107066086741784,15.35388188680013,1.584962500721156,3,3,1171.590438130957,470.62218722652733,3.489450072542008,16.287743561999378,2
85,1.517582827048997,15.315072631835937,1.584962500721156,3,3,1180.3120227065947,477.5589131273081,3.4715527032618616,16.367465052000625,2
86,3.1945518404245377,15.598873794078827,1.584962500721156,3,3,132.35499518255054,50.83604121969919,3.603566131566956,1.895223822000844,2
87,2.4362654973442357,14.945415935516358,1.584962500721156,3,3,1195.401452975992,477.6840481567241,3.5024939760680285,16.509377487000165,3
88,1.4488933397332828,14.671669635772705,1.584962500721156,3,3,1181.3949360565298,475.12625680381564,3.4864863162979,16.151735768002254,2
89,2.368494450412691,14.603247928619385,1.584962500721156,3,3,941.2449416183697,470.00201456816495,3.0026402280066393,12.99063472099806,2
90,3.2261143960865835,14.976214408874512,1.584962500721156,3,3,1181.502844559655,465.9917365420458,3.5354587901647254,16.380371079001634,2
91,2.3177280446949102,14.615999062856039,1.584962500721156,3,3,1173.3787757263644,478.3645394410122,3.4528966488559205,16.213156112000433,2
92,1.6918444636960823,14.933814016977946,1.584962500721156,3,3,1183.7239304488005,471.3773057170984,3.5112026312934623,16.40387391100012,2
93,2.9913086720282234,15.001913645181311,1.584962500721156,3,3,929.9837796075508,256.154207107964,4.630562191842435,12.855630142999871,2
94,2.1376118599142453,14.896052795120433,1.584962500721156,3,3,1049.2994489502762,251.2883638690849,5.175678621939436,14.4295147169978,2
95,2.2569126183042925,14.56907086054484,1.584962500721156,3,3,1191.6691178368828,475.3968921178124,3.5066826005702296,16.36049921200174,2
96,1.5240258844507237,14.411610123316446,1.584962500721156,3,3,1186.4605848907875,470.8491304582579,3.519831742571245,16.240277271001105,2
97,2.4278844221805533,14.621877059936523,1.584962500721156,3,3,1179.5534568722223,466.2347164423488,3.529956297276454,16.371280791998288,2
98,2.0428863382408817,14.827564893847834,1.584962500721156,3,3,1176.9456891614232,431.4689191917782,3.727764705198377,16.31918402700103,4
99,2.317010304921617,14.673420073191325,1.584962500721156,3,3,1173.268201062634,471.1767410146024,3.4900808951990965,16.202074008000636,3
100,1.3335839424760558,14.62433807269947,1.584962500721156,3,3,325.28223463713016,116.16954513522235,3.8000646319007174,4.542547408997052,1
101,0.9887146360054612,14.148733050028483,1.584962500721156,3,3,1184.0734933667502,475.9538435648197,3.4877905901509805,16.368835359000514,2
102,2.402537162609709,14.60623033841451,1.584962500721156,3,3,459.3834788100284,76.45238569318003,7.008752698099359,6.293264742998872,1
103,1.009093258768941,14.26386089960734,-0.0,1,3,1190.0323941512456,474.0097582685044,3.5105651801310547,16.355051320999337,4
104,2.879531065225601,15.066732648213705,1.584962500721156,3,3,1167.2782404858256,475.38571132023924,3.4554340037778273,16.162456096000824,2
105,1.7464662876197448,14.67712828318278,1.584962500721156,3,3,1179.8712915891508,469.8495903602218,3.511168075478311,16.351216667997505,2
106,2.3605821754814436,14.65092300415039,0.9182958340544896,2,3,1178.3515301025263,463.8487516939111,3.5403787889896234,16.2858800790018,3
107,2.813111312174857,15.615791820039686,1.584962500721156,3,3,840.9540109802713,473.0443888933909,2.777748623015155,11.728732087001845,1
108,1.9627614977676422,15.355260988871256,0.9182958340544896,2,3,1200.7743508905291,468.6623255693672,3.5621311664677453,16.39897999200184,1
109,2.928420638789733,15.235200373331706,0.9182958340544896,2,3,1186.9919938301741,469.55914075334624,3.5278860335373317,16.424643930000457,2
110,3.064085414055735,15.178116976420085,1.584962500721156,3,3,1179.9040459596317,475.9528782414166,3.479035425353918,16.327580484001373,3
111,4.0650277614810815,16.045372638702393,-0.0,1,3,1171.1044702633978,480.9893311070349,3.434782633469246,16.257613439000124,1
112,2.2499327848944812,14.62901517232259,1.584962500721156,3,3,1180.852769724832,472.58219174024345,3.498724645921258,16.293960985000012,2
113,2.3884748706252625,14.473892898559571,0.9182958340544896,2,3,1184.3706413646546,472.70965095632477,3.5054928304691684,16.213118532999943,2
114,3.476744663929567,15.134364261627198,1.584962500721156,3,3,1186.117659393514,470.88675834597467,3.5189021317138796,16.28848567500245,2
115,2.164369536694139,15.175887400309245,0.9182958340544896,2,3,1180.4800745135053,459.91555197573774,3.566732239086753,16.44022817000223,1
116,1.9889623759811124,14.56890188217163,1.584962500721156,3,3,1174.1878660939117,456.9220794544916,3.569777033965499,16.20218281399866,2
117,2.028049547591557,14.505457102457683,1.584962500721156,3,3,1180.3341915978272,466.8111581468748,3.5285046661769246,16.304466110999783,3
118,2.3243397347256542,14.74288127263387,1.584962500721156,3,3,1179.8273642484203,473.0313495124002,3.4941842976466235,16.29317681399698,3
119,1.4653505012858659,14.606618868509928,0.9182958340544896,2,3,1178.8323228494453,469.4827748266791,3.510917090162977,16.186184635000245,2
120,1.5565975144350281,14.475849272410075,1.584962500721156,3,3,1188.0042884423112,468.68995531732116,3.5347338362265233,16.306466844998795,3
121,1.8619902922533627,14.40876149022302,1.584962500721156,3,3,1086.818932155446,136.23530770971712,8.977512954800098,15.071107078998466,3
122,1.787927583164225,14.434591795603435,0.9182958340544896,2,3,1177.8087053360405,463.1705392050987,3.5429266450267245,16.348566873999516,2
123,3.1964206391262513,14.510079975128173,1.584962500721156,3,3,1167.4993343396225,471.09738660362774,3.4782547463417237,16.148199221999676,3
124,1.1163585976912425,15.04789843926063,1.584962500721156,3,3,1010.6474461454563,41.37150149637772,25.42858996147248,13.934089088998007,1
125,1.3695158490752977,13.61450188114958,1.584962500721156,3,3,1052.4444178311155,164.57692147435972,7.39484812574454,14.491572873001132,5
126,2.553716458765169,14.895863962173461,1.584962500721156,3,3,1185.4440515801252,469.5942464914418,3.5244007149515397,16.3090320529991,3
127,1.4130558010997871,14.74741813023885,1.584962500721156,3,3,1160.2652830160514,470.26365922912595,3.4672654589512666,16.16042533899963,4
128,1.6457681531552226,14.667248471577961,1.584962500721156,3,3,1188.2080479811825,469.547920374733,3.5305362805843266,16.48096015400006,2
129,1.5720214967926343,14.438602066040039,1.584962500721156,3,3,288.5356792526717,47.36722543781908,7.0914625373496785,4.064121151001018,5
130,2.021986413889875,14.013719120025634,0.9182958340544896,2,3,1180.2750337127259,477.23774767431433,3.4731384712639946,16.319304815999203,3
131,0.44790380637471877,12.902413775126139,1.584962500721156,3,3,1194.199424308823,468.09864936660955,3.551170412315246,16.40318165500139,2
132,0.696428762121747,15.327473055521647,1.584962500721156,3,3,312.7720996447158,466.6972079870992,1.6701820672845373,4.336381514000095,1
133,2.304209332720687,15.129175380071004,1.584962500721156,3,3,1184.900822841083,471.0152363025308,3.515631621903685,16.35345018099906,3
134,2.120260607485349,14.632217165629068,1.584962500721156,3,3,1156.0094898468249,465.3799678637491,3.484012139915042,16.133282666000014,2
135,2.5376636393678687,14.534538911183676,1.584962500721156,3,3,1151.753035943944,468.0374687148677,3.460813744477371,16.003719657001056,3
136,2.153693039572487,14.629195543924967,1.584962500721156,3,3,1171.3005718171385,473.97436130135253,3.471231921914921,16.186752218996844,2
137,1.1716794411310305,14.278495327631633,0.9182958340544896,2,3,1176.4830036784365,469.59567149146443,3.5053105790814785,16.210395885998878,2
138,1.4277559219066192,14.480762481689453,1.584962500721156,3,3,764.9973510786365,85.38319772579494,9.959577193810402,10.516137708000315,5
139,2.402683389967243,15.389079636540906,-0.0,1,3,656.322065589495,183.2106274599097,4.5823362142739885,9.114748759999202,3
140,3.566773274447769,15.225022919972737,1.584962500721156,3,3,845.275562904088,470.3722713179434,2.797035272797219,11.640307120000216,2
141,1.889915588721633,14.364228102366129,1.584962500721156,3,3,1169.1259454012954,468.6156636575951,3.4948503348696094,16.278301148002356,4
142,2.6996094405371696,15.456287746429444,0.9182958340544896,2,3,1165.302421421995,470.9490005676149,3.4743707280777856,16.181259378001414,2
143,2.757204884023716,14.787230262756347,1.584962500721156,3,3,1175.7654507567108,471.64152897707663,3.492921802935333,16.27811350400225,2
144,1.350287581216544,14.659202187856039,1.584962500721156,3,3,1174.842664823616,468.707232209105,3.5065597116698246,16.258823148000374,2
145,2.7319105463443947,15.475563157399495,1.584962500721156,3,3,1185.65101666017,460.69501464296405,3.57361373354353,16.27079328200125,2
146,1.3602342257990192,14.214003067016602,1.584962500721156,3,3,1177.376858368785,458.2230643184396,3.569440410250876,16.14687422899806,3
147,2.349603163059801,14.688516279856364,1.584962500721156,3,3,1122.983628956633,469.92936031598236,3.389686033240261,15.635363648998464,1
148,2.1887144833461694,14.92215664545695,1.584962500721156,3,3,1179.891668988222,465.95328806768936,3.532210200471465,16.361947893001343,2
149,3.4261492077065143,16.21794437107287,0.9182958340544896,2,3,1142.3597407274676,238.98772256419014,5.7799934175306396,15.7353733739983,1
150,2.3943448831296217,14.795700035095216,1.584962500721156,3,3,1189.6416279661316,468.38811943463486,3.5398629440090876,16.374239584998577,2
151,2.7917080417772135,15.67264855702718,-0.0,1,3,1170.703881967788,462.19441725485945,3.5329251896226346,16.098015378996934,2
152,1.534898473372062,14.500599034627278,1.584962500721156,3,3,1176.0065451258715,467.9349946761315,3.5131835799966455,16.371152282998082,3
153,1.9868780064210296,14.631929553349813,1.584962500721156,3,3,1179.189883073714,475.5037793468521,3.479874891201578,16.357953329999873,3
154,2.2687611648440362,14.83720993677775,0.9182958340544896,2,3,1168.8582139185883,477.6945371863541,3.4468737298174363,16.19950163500107,2
155,2.0652821187488737,14.706070632934571,1.584962500721156,3,3,1188.698423801006,482.0160796648662,3.4660970327535097,16.318000512001163,1
156,2.2437764541991054,14.434867388407389,1.584962500721156,3,3,1184.223414068144,468.7300259260705,3.5264509388500818,16.299962070999754,3
157,1.888292251623546,14.776442686716715,1.584962500721156,3,3,1168.8882734728702,457.58276780318073,3.554484905724514,16.179431649001344,2
158,2.685301700520019,14.895356000264485,1.584962500721156,3,3,1169.7833919218513,463.41074705631434,3.524290598249111,16.19614669600196,1
159,3.2625014524317035,15.72843121846517,0.9182958340544896,2,3,1172.7002467034113,464.0314162818053,3.527200110932215,16.281867110999883,2
160,0.6641321336954005,15.135256237453884,1.584962500721156,3,3,120.83380889827541,28.27776937091923,5.273102567366594,1.7908561479998752,5
161,1.3699314855260862,14.294808887300038,1.584962500721156,3,3,273.7750465601925,131.81511662158783,3.076962442374044,3.897150945998874,3
162,1.6127102479307602,14.967564748128256,0.9182958340544896,2,3,1172.4105862069025,471.82309075842375,3.4848520752181322,16.252457818998664,2
163,1.0230720098787809,13.790492885253009,1.584962500721156,3,3,222.33827542369878,108.94718974769674,3.0407894498113865,3.1416553299968655,5
164,2.5756296631569664,15.04737299601237,1.584962500721156,3,3,1124.9125643769746,464.43060583327326,3.4221327153034546,15.520710238997708,3
165,2.3616332783798377,14.86984743754069,1.584962500721156,3,3,1161.5758094616608,478.8131403273158,3.425948061215717,15.950410725999973,2
166,1.4922498657776997,14.295699398692062,0.9182958340544896,2,3,966.2133300383259,268.8323801747563,4.5941106849191025,13.325288033000106,5
167,2.401410991566566,14.486211506525676,1.584962500721156,3,3,1100.5609556755567,377.1361231875886,3.918206154248805,15.281990609000786,2
168,2.948027029031267,14.845843518575032,1.584962500721156,3,3,1172.9174537113304,483.74634006238455,3.4246539075831963,16.26381981799932,3
169,2.923519177849715,14.788394006093343,1.584962500721156,3,3,1177.5980019973497,475.8566947871923,3.474690416037927,16.274286300998938,3
170,2.2595506419551867,14.58966344833374,1.584962500721156,3,3,1190.74179595143,474.06618089883165,3.5117627958479933,16.436065234000125,2
171,1.3948512187165518,15.086376883188883,1.584962500721156,3,3,1194.9021203806503,475.4663885296448,3.51311585678185,16.41060518700033,2
172,0.7248842080063638,14.227730120382,1.584962500721156,3,3,542.4241913677062,95.14854091715007,6.700814601455825,7.514081396999245,5
173,2.2608380781890203,14.984358297983805,1.584962500721156,3,3,1160.1892858492286,464.2341068303831,3.499147022545515,16.07686130300135,4
174,0.7582130144146504,13.508007556200027,1.584962500721156,3,3,364.2029203372821,98.04308000310739,4.714723367786273,5.123405352998816,5
175,2.309914880807822,14.540248343149822,1.584962500721156,3,3,1182.4292331595157,462.3606750474601,3.5573741387892523,16.48225241900218,1
176,1.3958374052184324,14.71487621307373,1.584962500721156,3,3,1178.2791414693606,475.52291603975596,3.477859850125185,16.337954277998506,2
177,1.8621288099884987,14.156377131144206,1.584962500721156,3,3,1087.6201130485588,464.69235753083143,3.3405164630373707,15.023664582997299,3
178,1.9746645392593125,14.800324111149228,1.584962500721156,3,3,593.8787040221362,92.43347830190774,7.424930825197336,8.172107378999499,4
179,2.7632169559473794,15.151751181284586,1.584962500721156,3,3,1173.107999586267,469.8335420562128,3.496858769282827,16.215359706002346,3
180,2.780965354734411,15.29137967745463,1.584962500721156,3,3,1182.0069858658726,475.74723149325325,3.4845273027776624,16.44525858400084,3
181,0.9325165443463872,13.832833035786946,1.584962500721156,3,3,1086.213012209253,466.874420399151,3.3265635570280394,15.157760973001132,3
182,1.963982741072153,15.089323876698812,1.584962500721156,3,3,1183.895087079095,467.7412462502942,3.5310897778845396,16.425563234999572,2
183,2.8867703382546703,14.586581230163574,1.584962500721156,3,3,1188.6507584538765,466.53627002585733,3.5478206836694532,16.362120347999735,3
184,2.706686334013939,15.47791633605957,1.584962500721156,3,3,385.2451665272582,77.7438484249209,5.955313820093415,5.395120788001805,3
185,2.2687258241667103,14.965692259470622,1.584962500721156,3,3,1181.6186710756394,487.46291360846135,3.424017577724356,16.294855217001896,3
186,1.124706618282944,14.540304295221965,1.584962500721156,3,3,1168.0347204865416,476.8010319639266,3.449731947255751,16.275255370001105,3
187,2.5431648286090542,14.944770161310831,1.584962500721156,3,3,1178.3347638418022,478.10185332523616,3.4646103244452844,16.428723936001916,3
188,2.3031896628439426,14.840216814676921,1.584962500721156,3,3,1177.1086694787568,469.4029180757745,3.5076722452090494,16.487673988998722,1
189,1.1871465039625764,14.641939805348715,0.9182958340544896,2,3,1195.123570586686,475.88623947761835,3.51136400140205,16.503375753,3
190,2.6405729502501587,14.89645783106486,1.584962500721156,3,3,1193.2918820224145,479.8788013137352,3.4866526271958906,16.34625057700032,2
191,2.4921611459677417,14.730357602437337,1.584962500721156,3,3,1185.0086038273548,473.7340182444889,3.50142180673161,16.379047038000863,3
192,2.37214182697547,15.100156364440918,0.9182958340544896,2,3,1182.8077014665087,474.2056071151309,3.494292947445766,16.384312854999735,2
193,1.5995184332520391,14.293419619401297,1.584962500721156,3,3,962.7265026066225,149.08443629476912,7.45759226471584,13.30435590900015,5
194,2.255203400965075,14.83206980937236,1.584962500721156,3,3,528.241984125314,118.36217045712701,5.462929178175667,7.313932911998563,3
195,2.441753905126825,14.959357579549154,1.584962500721156,3,3,941.9529329287166,467.6980728813406,3.014019273429204,12.987934609998774,3
196,2.761280653389792,14.774657859802247,1.584962500721156,3,3,1136.7928149890308,464.23023359482085,3.448769452575597,15.684394664000138,2
197,2.209264743110786,14.751430028279623,1.584962500721156,3,3,1197.1560022468789,463.7318195473155,3.5815696740748035,16.543532438998227,3
198,1.646011563998304,14.769108521310907,1.584962500721156,3,3,1181.1981750603036,114.33014120721073,11.331467822815968,16.37973153799976,3
199,0.8122603669514259,15.46052028020223,1.584962500721156,3,3,1179.3725577814253,458.95774685826063,3.5696756746229394,16.258057514998654,2
