idx,subject,small_correct,small_entropy,small_energy,small_carbon,large_correct,large_entropy,large_energy,large_carbon
0,college_physics,0,1.50390625,27.11567518958998,4.293315238351747,0,0.73828125,8.822280413853507,1.3968610655268052
1,anatomy,0,1.7880859375,1.5333662807155195,0.24278299444662388,0,1.546875,2.4906224522242906,0.39434855493551263
2,high_school_statistics,1,0.84716796875,1.4585367789199244,0.23093498999565468,1,0.0026092529296875,4.171942500240265,0.660557562538042
3,miscellaneous,0,1.6533203125,1.8506988680400558,0.2930273207730088,1,0.212890625,2.0535875120977836,0.32515135608214907
4,prehistory,0,1.294921875,1.3776615915478296,0.218129751995073,0,0.1142578125,3.82508314452039,0.6056381645490617
5,security_studies,0,1.474609375,1.4545704430951671,0.23030698682340148,1,0.08349609375,6.0420705457024475,0.9566611697362207
6,conceptual_physics,0,1.0126953125,1.5568283304866355,0.24649781899371725,0,0.032958984375,2.1591495984773865,0.3418653530922529
7,marketing,1,0.0210723876953125,1.6226116930756476,0.2569135180703109,1,0.004638671875,2.58996661731125,0.41007804774094786
8,professional_law,0,1.947265625,1.5859512510490739,0.25110894808277,0,1.0,4.488305251250167,0.710648331447943
9,jurisprudence,0,0.440673828125,1.484808696961474,0.2350947103522334,0,0.138671875,2.01792386505154,0.31950461196649377
10,moral_scenarios,1,1.80859375,1.4334244150797795,0.22695886572096508,0,0.10791015625,4.7643902226354955,0.7543617852506201
11,public_relations,0,1.7412109375,1.4737505973058374,0.2333438445734242,0,1.0078125,2.055925951273045,0.32552160895156546
12,jurisprudence,1,0.337890625,1.591893535356017,0.2520498097647027,1,0.000957489013671875,2.297096082538779,0.3637068797353067
13,management,0,1.0361328125,1.5696582012585416,0.24852921519926907,1,0.007049560546875,2.690413535626265,0.4259821431408253
14,public_relations,1,1.5048828125,1.3748884060062607,0.21769066428432463,0,1.1484375,3.615166228892168,0.5724013195745933
15,professional_law,0,1.6103515625,1.4030580838507773,0.22215086327637307,0,1.984375,6.441099903071834,1.0198408179863736
16,college_physics,0,1.783203125,1.6171544194975827,0.2560494497537839,0,1.921875,3.3793970115248677,0.5350711934914374
17,professional_psychology,1,1.2158203125,1.8420373229135134,0.29165590946130626,1,0.041015625,2.154052628401941,0.34105833283030723
18,professional_law,0,1.005859375,1.6015365419979657,0.2535766191496779,0,1.1875,6.445179616621508,1.0204867726317388
19,marketing,1,0.351806640625,1.6321887306318426,0.2584298823500417,1,0.07568359375,2.170448537398056,0.3436543517546923
20,high_school_psychology,0,1.8505859375,1.5307455077624408,0.2423680387290531,0,1.609375,2.239537676206098,0.35459346539929887
21,high_school_us_history,1,1.6201171875,1.6041724443694214,0.25399397035849175,1,0.04345703125,8.095615246661312,1.281805747388041
22,professional_law,1,0.4580078125,1.5973769297997638,0.2529180138849626,1,0.00140380859375,4.249834820139396,0.6728905131887377
23,prehistory,0,1.9365234375,1.6148669770809656,0.2556872713711528,1,0.13671875,3.221731691998447,0.5101075178997541
24,high_school_psychology,1,0.374755859375,2.2148207339940593,0.3506799495490594,1,0.0007171630859375,4.056646199784077,0.6423023149658121
25,us_foreign_policy,1,1.97265625,1.8381655875332024,0.291042884692757,1,0.00201416015625,2.0086470332890367,0.3180357802707641
26,business_ethics,0,0.41015625,1.5316379458285365,0.24250934142285158,1,0.9609375,2.10311185639733,0.3329927105962439
27,high_school_us_history,0,0.2073974609375,1.3760758314064139,0.21787867330601554,1,0.002288818359375,6.520374228981628,1.0323925862554244
28,high_school_european_history,1,0.11834716796875,1.629130883428476,0.25794572320950865,1,0.00101470947265625,5.763887813671192,0.9126155704979387
29,high_school_chemistry,1,1.0888671875,1.872456713343333,0.2964723129460277,0,0.98046875,4.488602252969523,0.7106953567201745
30,professional_law,1,0.78125,1.9042635913948722,0.30150840197085477,1,0.006683349609375,6.487789068634036,1.027233269200389
31,college_physics,1,1.62890625,1.5700212847588204,0.24858670342014655,1,0.9921875,3.4495098156010573,0.5461723874701674
32,high_school_psychology,1,0.6826171875,1.5141760677122074,0.2397445440544328,1,0.091796875,4.675467205592343,0.740282307552121
33,high_school_macroeconomics,0,0.65869140625,1.5876022025513654,0.2513703487372995,0,1.40625,2.1377113279795523,0.3384709602634291
34,moral_disputes,1,1.3359375,1.4994615685189456,0.23741474834883305,1,0.007354736328125,4.299141297230657,0.6806973720615207
35,high_school_computer_science,0,1.986328125,1.4808045760800836,0.23446072454601322,1,0.0260009765625,2.078230613339695,0.3290531804454517
36,professional_medicine,0,1.8447265625,1.483056851366569,0.2348173347997067,1,0.80078125,3.4765136036486366,0.5504479872443675
37,elementary_mathematics,1,1.654296875,1.4741827650001655,0.23341227112502622,1,0.1484375,3.4667173409056944,0.5488969123100682
38,high_school_chemistry,1,0.385009765625,1.6582492661402193,0.26255613380553466,0,0.162109375,4.195287148357309,0.6642537984899072
39,high_school_mathematics,0,1.7685546875,1.6028610391127027,0.2537863311928446,0,1.53125,2.136322057972543,0.3382509925123193
40,moral_scenarios,0,1.7587890625,1.2226261398112939,0.1935824721367882,1,0.7109375,3.574779338944172,0.5660067286661605
41,moral_disputes,0,1.521484375,1.1997756976872318,0.189964485467145,1,0.94140625,4.424469749963352,0.7005410437441975
42,virology,0,0.1534423828125,1.2435621252632771,0.1968973365000189,0,0.0019683837890625,3.2442137796935064,0.5136671817848052
43,professional_medicine,0,1.44140625,1.2933329558943067,0.20477771801659855,1,0.0064697265625,6.4373566131931055,1.0192481304222418
44,college_biology,1,1.1376953125,1.3330369475280677,0.21106418335861069,1,0.0003566741943359375,2.113808227343211,0.3346863026626751
45,professional_psychology,0,1.58984375,1.3426099838299337,0.21257991410640617,0,0.83984375,3.484675401521051,0.5517402719074996
46,sociology,0,0.79052734375,1.3290375110250003,0.21043093924562503,1,0.1396484375,4.198565678281402,0.6647728990612221
47,virology,0,0.1845703125,1.3300542770515986,0.21059192719983647,0,0.06982421875,2.051567807880067,0.32483156958101067
48,high_school_macroeconomics,1,0.5126953125,1.3240738471675286,0.20964502580152536,1,0.0004024505615234375,2.1768689633304197,0.34467091919398307
49,high_school_government_and_politics,1,1.076171875,1.337071631989956,0.2117030083984097,1,0.003631591796875,2.155128642752079,0.34122870176907916
50,security_studies,1,0.04998779296875,1.3626600735924423,0.2157545116521367,1,0.005035400390625,2.1245705060997966,0.3363903301324678
51,human_aging,1,0.8173828125,1.3514435787595296,0.2139785666369255,1,0.51953125,2.132467773520197,0.3376407308073645
52,high_school_chemistry,1,0.035888671875,1.4152603187833688,0.2240828838073667,1,0.5703125,3.7066700787767193,0.5868894291396473
53,nutrition,0,1.0634765625,1.4145821079313285,0.22397550042246034,0,0.0308837890625,3.3986952592275057,0.5381267493776883
54,college_medicine,1,0.32470703125,1.3971854550571097,0.22122103038404237,1,0.0002994537353515625,2.576556347894098,0.4079547550832322
55,philosophy,1,0.1695556640625,1.4485987420957287,0.22936146749849037,1,0.00075531005859375,2.0260802506897764,0.32079603969254794
56,high_school_chemistry,1,0.65625,1.2717072221879746,0.20135364351309598,0,0.0267333984375,2.1515767042456573,0.3406663115055624
57,moral_scenarios,0,1.787109375,1.2510695907371445,0.19808601853338123,0,0.353515625,3.6351297683230426,0.575562213317815
58,high_school_european_history,1,1.2177734375,1.25095158866001,0.19806733487116826,1,0.91015625,4.784742489208721,0.7575842274580475
59,machine_learning,0,0.03192138671875,1.2905608391794248,0.20433879953674225,0,0.5234375,3.320142672581145,0.5256892564920146
60,moral_scenarios,0,1.802734375,1.2634225293079555,0.2000419004737596,0,0.0712890625,4.17126383347394,0.6604501069667071
61,world_religions,0,0.72314453125,1.361187509581411,0.21552135568372338,1,0.0004787445068359375,2.1875151762891876,0.3463565695791213
62,high_school_macroeconomics,1,1.8857421875,1.2586518559857063,0.1992865438644035,1,1.4921875,2.340824875453286,0.37063060528010355
63,conceptual_physics,0,1.2138671875,1.2809920412510407,0.2028237398647481,1,0.78125,2.075059119902428,0.3285510273178844
64,electrical_engineering,1,1.71484375,1.3114730300819255,0.20764989642963821,1,0.3046875,2.1567907321440134,0.3414918659228021
65,medical_genetics,1,1.6083984375,1.3435061062269353,0.21272180015259812,1,1.9609375,2.6596669533628603,0.42111393428245286
66,moral_scenarios,0,1.771484375,1.4534753697156777,0.23013360020498227,1,0.19140625,3.483310377863144,0.5515241431616644
67,high_school_world_history,1,0.0180511474609375,1.4003259316328784,0.22171827250853907,1,0.000308990478515625,6.694985226296844,1.0600393274970004
68,marketing,0,0.685546875,1.2472138683418372,0.19747552915412425,1,0.00083160400390625,2.083203148344727,0.3298404984879151
69,high_school_physics,0,1.810546875,1.2339736950883071,0.19537916838898198,0,1.390625,3.8984316148365354,0.6172516723491182
70,high_school_psychology,0,1.3876953125,1.2652024854878523,0.20032372686890995,1,0.0048828125,2.0623947954783644,0.32654584261740766
71,world_religions,1,0.33740234375,1.2802877958901309,0.20271223434927071,1,0.0012664794921875,2.2372175834207613,0.35422611737495385
72,professional_medicine,0,1.75390625,1.2363388079773519,0.19575364459641403,0,1.34375,6.773270459445625,1.072434489412224
73,high_school_geography,1,0.9404296875,1.4771787004368357,0.23388662756916562,1,0.000690460205078125,2.1162277314501594,0.33506939081294185
74,moral_disputes,0,1.3154296875,1.4886080780466784,0.2356962790240574,1,0.0008697509765625,4.413375111534719,0.6987843926596637
75,elementary_mathematics,1,1.75390625,1.4696552981779585,0.23269542221151007,1,0.030517578125,3.567543368004526,0.5648610332673834
76,miscellaneous,1,0.19921875,1.322791798997381,0.20944203484125198,1,0.000640869140625,2.540715355012667,0.4022799312103389
77,prehistory,1,1.40625,1.507883061425867,0.23874815139242891,1,0.0025634765625,3.505804541234176,0.5550857190287446
78,elementary_mathematics,0,1.71875,1.4976513820097208,0.2371281354848724,1,1.1953125,3.2309525563271952,0.5115674880851393
79,college_physics,0,1.90234375,1.2605601145573329,0.19958868480491104,1,1.625,3.8783545309213454,0.614072800729213
80,astronomy,1,1.556640625,1.2831796573226983,0.20317011240942723,0,1.2265625,3.4530084382840305,0.5467263360616381
81,professional_psychology,0,1.208984375,1.3653037971655004,0.21617310121787092,0,0.006561279296875,2.7630811613252004,0.43748785054315675
82,miscellaneous,1,1.2490234375,1.2954988842005264,0.20512065666508333,1,0.01055908203125,2.1428406235461916,0.339283098728147
83,professional_medicine,1,1.9423828125,1.304428933809487,0.20653458118650211,1,0.1640625,4.76975086409329,0.7552105534814377
84,professional_psychology,1,1.2099609375,1.3537130521448066,0.2143378999229277,1,0.482421875,2.627562935871361,0.4160307981796321
85,college_medicine,0,1.833984375,1.3527410864894391,0.21418400536082785,0,0.93359375,3.690331103669311,0.5843024247476409
86,human_aging,1,0.53466796875,1.39123583364717,0.22027900699413522,0,0.6953125,2.1149869540078927,0.33487293438458304
87,professional_law,0,1.3095703125,1.407216483783907,0.2228092765991186,1,0.84375,4.434885125069753,0.7021901448027109
88,nutrition,1,0.490966796875,1.4937380219537395,0.23650852014267543,0,1.3515625,2.1486993943098818,0.34021073743239794
89,moral_scenarios,0,1.69140625,1.4802293016459973,0.2343696394272829,1,0.26171875,3.5468931684536518,0.5615914183384949
90,professional_law,0,1.5859375,1.4520629676313366,0.22990996987496162,1,0.076171875,6.526128602229856,1.0333036953530605
91,nutrition,1,0.0248565673828125,1.4105630779006177,0.22333915400093113,1,0.00732421875,3.505998182848244,0.555116378950972
92,sociology,1,1.2001953125,1.2258415092004071,0.19409157229006443,1,0.1201171875,3.537999086510492,0.5601831886974946
93,high_school_statistics,0,1.3857421875,1.2447580158296105,0.19708668583968836,0,0.72265625,4.605750948322595,0.7292439001510775
94,marketing,0,1.4931640625,1.2872165214995677,0.2038092825707649,1,0.004608154296875,2.2667303248364195,0.3588989680990997
95,security_studies,1,0.3974609375,1.3558240382697468,0.2146721393927099,1,0.00019168853759765625,3.757004215291283,0.5948590007544531
96,professional_law,0,1.6171875,1.3361157770809076,0.21155166470447703,1,1.921875,4.895159235120633,0.7750668788941002
97,professional_law,0,1.1708984375,1.6119734684055842,0.2552291324975508,0,0.75,8.034034286079816,1.272055428629304
98,miscellaneous,1,1.775390625,1.6495890887770073,0.2611849390563595,1,1.1640625,2.5242343709628563,0.39967044206911895
99,high_school_psychology,1,0.202392578125,1.3374250497103461,0.21175896620413812,1,2.956390380859375e-05,4.3654970771553065,0.6912037038829235
100,professional_law,0,0.171142578125,1.2753068060546737,0.20192357762532334,1,1.1484375,4.644098972350676,0.7353156706221903
101,moral_disputes,1,0.556640625,1.2666949133275653,0.20056002794353117,1,0.01708984375,2.2302118264366046,0.35311687251912904
102,miscellaneous,0,1.2705078125,1.2686498869785487,0.2008695654382702,1,0.0135498046875,2.1945861318509228,0.3474761375430628
103,philosophy,1,0.11676025390625,1.2380169351606765,0.1960193480671071,1,0.109375,2.4183700684881946,0.3829085941772975
104,high_school_statistics,0,1.830078125,1.2832477443028119,0.2031808928479452,1,0.220703125,3.580296589919253,0.5668802934038818
105,high_school_macroeconomics,0,1.7626953125,1.353902633453475,0.21436791696346685,1,0.013671875,2.1215026117195412,0.3359045801889273
106,machine_learning,0,1.7080078125,1.3265907476728271,0.21004353504819762,1,0.072265625,3.865884427801463,0.6120983677352316
107,sociology,1,1.46484375,1.3819119549125525,0.21880272619448748,1,0.30859375,3.268834519387348,0.5175654655696634
108,moral_scenarios,1,1.771484375,1.398154863027474,0.22137451997935004,1,0.154296875,4.887368947557912,0.7738334166966694
109,philosophy,0,1.677734375,1.4817512906097405,0.23461062101320893,0,0.302734375,2.08437908320193,0.3300266881736389
110,high_school_european_history,1,1.2373046875,1.4959384726272247,0.2368569248326439,0,0.96875,4.998349622376808,0.791405356876328
111,college_medicine,1,1.8359375,1.428401946661759,0.2261636415547785,0,1.1796875,2.0898377367502587,0.33089097498545766
112,professional_psychology,0,1.0869140625,1.4987568684427175,0.23730317083676356,1,0.0019683837890625,2.686681268596252,0.42539120086107324
113,moral_scenarios,0,1.802734375,1.3379653940079894,0.21184452071793164,0,0.921875,3.700446158677869,0.585903975123996
114,college_computer_science,0,1.93359375,1.3238028152283028,0.20960211241114793,0,0.06640625,4.470089613768399,0.7077641888466631
115,conceptual_physics,0,1.662109375,1.3421361477782618,0.21250489006489146,1,0.0038909912109375,3.306293442118793,0.5234964616688088
116,high_school_us_history,1,0.8740234375,1.2878681803843968,0.20391246189419618,1,0.0274658203125,6.592156650241121,1.0437581362881776
117,prehistory,1,0.0110015869140625,1.3470765783832985,0.21328712491068894,1,0.00010013580322265625,3.3060579629769493,0.5234591774713503
118,public_relations,0,0.95751953125,1.4029356624497722,0.2221314798878806,1,0.1806640625,2.2549676227254403,0.3570365402648613
119,professional_law,1,0.30615234375,1.51869493035303,0.24046003063922972,1,0.07421875,4.763563000021013,0.7542308083366603
120,world_religions,1,1.69921875,1.5191797306001629,0.24053679067835912,1,0.0130615234375,2.083623146990222,0.32990699827345177
121,high_school_macroeconomics,1,0.5654296875,1.4210754951951095,0.22500362007255897,1,0.000499725341796875,3.3597721455979905,0.5319639230530151
122,global_facts,1,1.7734375,1.3677685215676794,0.21656334924821588,0,0.447265625,3.6783348100174558,0.5824030115860971
123,professional_psychology,0,1.345703125,1.420931928353972,0.22498088865604557,0,0.125,2.105467468414611,0.3333656824989801
124,moral_scenarios,0,1.8017578125,1.3877141104582529,0.21972140082255667,0,0.076171875,4.488818534404572,0.7107296012807239
125,human_sexuality,1,0.265380859375,1.4392153543600739,0.22787576444034502,1,0.00994873046875,3.446993391359198,0.545773953631873
126,elementary_mathematics,0,1.974609375,1.3185380988741726,0.20876853232174397,0,1.2421875,4.271457158728353,0.6763140501319892
127,moral_scenarios,0,1.8349609375,1.2595404390295892,0.19942723617968497,1,0.06787109375,4.877968034922802,0.7723449388627769
128,professional_law,1,1.1533203125,1.2485343409119296,0.19768460397772217,0,0.7421875,4.827576008472737,0.7643662013415167
129,philosophy,0,1.5087890625,1.2826013955481022,0.20307855429511615,1,0.0147705078125,2.1485285435956762,0.3401836860693154
130,high_school_physics,1,1.0888671875,1.3589043395419067,0.21515985376080188,1,0.013916015625,4.5060391511350035,0.7134561989297089
131,high_school_psychology,1,0.66796875,1.3024969800486137,0.20622868850769716,1,0.154296875,2.089504061265795,0.33083814303375086
132,high_school_macroeconomics,0,1.43359375,1.3780165094500347,0.21818594732958885,1,0.056396484375,2.6561659961313087,0.4205596160541239
133,marketing,1,1.2958984375,1.4240288360968105,0.225471232381995,1,5.888938903808594e-05,2.138790361751957,0.3386418072773932
134,business_ethics,1,0.206787109375,1.3929436161523165,0.22054940589078345,1,0.033935546875,2.577288257947801,0.40807064084173517
135,high_school_statistics,1,1.7763671875,1.3740794477913956,0.21756257923363762,0,0.10986328125,4.550880306680619,0.7205560485577647
136,high_school_biology,1,0.4990234375,1.4394241420863665,0.227908822497008,1,0.00160980224609375,3.571862105255424,0.5655448333321088
137,elementary_mathematics,0,1.755859375,1.5110748707539974,0.23925352120271626,0,1.0390625,2.7892942571982213,0.4416382573897184
138,logical_fallacies,1,0.39794921875,1.3716899332485817,0.21718423943102544,1,0.004150390625,2.1610103226440405,0.34215996775197305
139,college_physics,1,1.9560546875,1.351894323713285,0.21404993458793678,1,1.7578125,3.5430410474330234,0.5609814991768954
140,professional_law,0,1.53125,1.2407163482319652,0.19644675513672782,1,0.03515625,10.720098986189457,1.6973490061466638
141,logical_fallacies,1,1.3134765625,2.018984663455193,0.3196725717137389,1,0.026611328125,3.441312139386604,0.5448744220695456
142,medical_genetics,0,1.501953125,1.5939894062944207,0.2523816559966166,1,0.35546875,2.205856099582736,0.3492605491005999
143,high_school_microeconomics,0,0.77880859375,1.265488047496641,0.20036894085363482,1,0.000637054443359375,3.527837985898264,0.5585743477672251
144,professional_medicine,0,0.7451171875,1.258966008994628,0.19933628475748275,1,0.27734375,4.9350360060868095,0.7813807009637448
145,college_chemistry,0,0.62646484375,1.2701036338817715,0.2010997420312805,0,0.84765625,2.224507589512994,0.3522137016728907
146,us_foreign_policy,1,0.90283203125,1.2988480153566329,0.2056509357648002,1,0.12353515625,2.109443022335468,0.33399514520311574
147,jurisprudence,0,0.85546875,1.2494915884716302,0.19783616817467478,1,0.1220703125,2.4871998239540787,0.39380663879272915
148,professional_psychology,0,0.31689453125,1.2488638043718896,0.19773676902554918,0,1.46875,3.654305713264054,0.5785984046001419
149,college_medicine,0,1.96484375,1.2884793230953557,0.20400922615676464,0,1.8671875,3.321435126978424,0.525893895104917
150,professional_medicine,0,0.60498046875,1.3943443761722525,0.22077119289393998,1,0.00201416015625,4.744670969500559,0.7512395701709218
151,us_foreign_policy,0,0.697265625,1.4192365086114525,0.22471244719681327,1,0.02783203125,2.317626500195187,0.36695752919757124
152,moral_disputes,0,1.3603515625,1.4135400932446958,0.22381051476374347,1,0.002288818359375,3.139285558920423,0.49705354682906694
153,professional_law,0,1.92578125,1.3870584374430408,0.21961758592848146,1,0.6015625,4.951747013568383,0.7840266104816606
154,nutrition,1,1.990234375,1.4256018099766663,0.22572028657963883,1,0.0634765625,3.3879235506469607,0.5364212288524354
155,professional_accounting,1,1.6748046875,1.4998645670931223,0.23747855645641103,0,0.6640625,4.425991208831867,0.7007819413983789
156,international_law,0,0.07421875,1.5318637385644733,0.24254509193937496,0,0.310546875,4.828322966503222,0.7644844696963434
157,college_biology,0,1.119140625,1.3686204329465868,0.21669823521654288,1,7.867813110351562e-05,3.5185025991452705,0.5570962448646677
158,human_sexuality,1,1.3359375,1.2503038299731541,0.19796477307908272,1,0.0103759765625,2.1413047642461525,0.33903992100564073
159,professional_accounting,0,1.9677734375,1.2198069381673975,0.19313609854317126,1,0.306640625,4.107154627215616,0.6502994826424725
160,electrical_engineering,0,1.771484375,1.27854842586578,0.20243683409541519,0,1.7421875,2.1169331672695897,0.335181084817685
161,professional_law,0,1.408203125,1.2694700761697877,0.20099942872688303,1,0.87109375,4.976178680661587,0.7878949577714179
162,moral_scenarios,0,1.7763671875,1.34954299824411,0.21367764138865075,0,0.91796875,3.690759068838318,0.5843701858994004
163,anatomy,0,1.9599609375,1.3010705994784668,0.2060028449174239,1,0.94140625,3.4306366636083427,0.5431841384046543
164,high_school_psychology,0,1.267578125,1.3455176883188842,0.21304030065048998,1,0.01031494140625,3.34854137695922,0.5301857180185432
165,high_school_psychology,0,1.7001953125,1.4129227960229178,0.223712776036962,1,0.000507354736328125,2.1327693459720307,0.33768847977890487
166,management,1,1.0654296875,1.4153021557553498,0.22408950799459706,1,0.609375,2.3819512696314167,0.3771422843583076
167,philosophy,0,1.169921875,1.3786083825197961,0.21827966056563436,1,0.04296875,3.530644974756902,0.5590187876698429
168,professional_law,0,1.5146484375,1.3796909781373463,0.21845107153841314,1,0.033935546875,4.648179575934397,0.7359617661896128
169,college_biology,1,0.59814453125,1.5159809580188235,0.2400303183529804,1,0.006622314453125,2.1207825070084714,0.3357905636096746
170,astronomy,0,0.71630859375,1.412920478336916,0.2237124090700117,1,0.16015625,3.9197137299217197,0.620621340570939
171,college_biology,1,0.13427734375,1.2705287906511717,0.20116705851976885,1,4.7206878662109375e-05,2.0776289309698117,0.3289579140702202
172,high_school_mathematics,0,1.9111328125,1.2143994786500893,0.19227991745293083,0,1.4453125,3.455962338227579,0.5471940368860333
173,moral_scenarios,0,1.8369140625,1.2202007903708758,0.19319845847538866,1,0.6328125,3.924815171654995,0.6214290688453742
174,professional_accounting,0,1.431640625,1.2759647543294672,0.20202775276883234,1,0.08349609375,4.549322260082583,0.7203093578464089
175,marketing,1,1.2939453125,1.315763114644016,0.2083291598186359,1,0.00634765625,2.1197300291568815,0.33562392128317287
176,clinical_knowledge,1,1.17578125,1.2830108759585204,0.20314338869343238,0,0.78515625,2.289824678447809,0.3625555740875697
177,prehistory,1,0.65673828125,1.268062541768049,0.2007765691132744,1,0.000125885009765625,2.081699995792116,0.3296024993337517
178,philosophy,0,1.4697265625,1.2504798168656677,0.19799263767039738,1,0.0021820068359375,2.35813791846904,0.37337183709093136
179,professional_law,1,1.796875,1.2922493801142019,0.2046061518514153,1,0.107421875,4.933568226903484,0.7811483025930517
180,professional_law,1,1.1708984375,1.4499235864757531,0.22957123452532757,0,0.232421875,5.190119401853507,0.821768905293472
181,high_school_us_history,1,0.400146484375,1.665969043214328,0.2637784318422686,1,0.002777099609375,6.944302139109018,1.099514505358928
182,philosophy,1,0.400390625,1.6398657278716067,0.25964540691300436,1,0.00201416015625,2.1523513271018557,0.34078896012446047
183,moral_scenarios,0,1.74609375,1.4344760809808514,0.2271253794886348,1,0.87109375,3.7324800457894716,0.5909760072499997
184,high_school_microeconomics,1,1.3828125,1.2045664841768995,0.19072302666134242,1,0.006805419921875,4.74365473011625,0.7510786656017396
185,high_school_government_and_politics,1,1.0908203125,1.2343657833395674,0.19544124902876484,1,0.00122833251953125,3.9279100036528423,0.6219190839117
186,high_school_chemistry,0,1.4375,1.2528291022406228,0.19836460785476528,0,1.1171875,3.560519585896805,0.5637489344336608
187,human_aging,1,1.69921875,1.3095166786019146,0.20734014077863647,0,0.037841796875,2.122233342755603,0.3360202792696371
188,moral_scenarios,0,1.8037109375,1.3086499084954606,0.20720290217844792,0,0.09423828125,3.8963862105487665,0.6169278166702213
189,high_school_biology,0,1.578125,1.3989091977351549,0.2214939563080662,1,0.00958251953125,4.48772376341556,0.710556262540797
190,college_computer_science,0,1.3349609375,1.4502261601935604,0.22961914203064707,1,0.44921875,3.5757097850892667,0.5661540493058006
191,high_school_macroeconomics,0,0.544921875,1.4213451075194476,0.22504630869057918,0,0.77734375,2.5158082657000915,0.3983363087358478
192,professional_medicine,1,1.2900390625,1.3688901415400665,0.21674093907717717,1,1.203125,4.82602072915397,0.7641199487827118
193,high_school_computer_science,1,0.99658203125,1.5191367778526963,0.24052998982667692,1,6.103515625e-05,3.631227070432746,0.5749442861518514
194,high_school_psychology,0,0.6572265625,1.5677832762193376,0.2482323520680618,1,0.00075531005859375,2.550149393688721,0.40377365400071413
195,professional_psychology,0,0.814453125,1.4135931853699304,0.22381892101690565,1,0.0030517578125,3.3799393215245566,0.5351570592413881
196,formal_logic,1,1.775390625,1.3508373009053674,0.21388257264334984,1,0.030029296875,3.6026351655546085,0.5704172345461462
197,moral_scenarios,0,1.8115234375,1.3330245120535753,0.21106221440848272,1,0.043212890625,3.6229116662652774,0.5736276804920022
198,philosophy,0,1.2744140625,1.3561680702707282,0.21472661112619862,1,0.09326171875,2.1235630300444974,0.3362308130903787
199,abstract_algebra,1,1.3408203125,1.3901944713983367,0.22011412463806998,1,0.1640625,2.0249689727048623,0.3206200873449365
200,electrical_engineering,1,1.2822265625,1.4622953745861047,0.23153010097613325,1,0.21484375,2.2014600393981376,0.3485645062380385
201,marketing,1,0.060150146484375,1.221372115260813,0.19338391824962872,1,0.00014400482177734375,2.1755110948588445,0.34445592335265035
202,public_relations,0,1.6708984375,1.2337816927771903,0.19534876802305512,1,1.1640625,2.18594219884217,0.3461075148166769
203,electrical_engineering,1,0.325927734375,1.2862521769678894,0.20365659468658248,1,0.2021484375,2.0588224648877724,0.3259802236072306
204,high_school_psychology,0,0.06982421875,1.3302313341489316,0.21061996124024748,1,0.004913330078125,4.468948198807799,0.7075834648112348
205,abstract_algebra,0,1.8125,1.7148243958475,0.27151386267585415,1,1.15625,2.127031756183931,0.33678002806245577
206,sociology,1,0.69140625,1.6554714184072457,0.26211630791448054,1,0.27734375,3.460849575552634,0.5479678494625004
207,high_school_psychology,1,0.9384765625,1.34995885819238,0.2137434858804602,1,0.01116943359375,3.7292850755678866,0.5904701369649153
208,professional_accounting,0,1.296875,1.5058060441457517,0.23841929032307735,1,0.384765625,3.476723329686287,0.5504811938669953
209,college_computer_science,1,1.8662109375,1.3131397284740882,0.20791379034173063,1,0.4609375,4.394620068301739,0.6958148441477753
210,world_religions,1,0.344970703125,1.4311130869185809,0.22659290542877528,1,0.005279541015625,2.474895848632329,0.3918585093667854
211,miscellaneous,0,0.1536865234375,1.3676232461340134,0.2165403473045521,1,0.0164794921875,2.037258060158611,0.32256585952511335
212,professional_law,0,1.640625,1.3202111245919386,0.20903342806039027,0,0.11669921875,5.077705038392446,0.8039699644121372
213,electrical_engineering,0,1.525390625,1.3695245004166476,0.21684137923263586,1,0.2431640625,2.0852498083208837,0.3301645529841399
214,clinical_knowledge,0,0.69677734375,1.446746950741274,0.2290682672007017,1,0.00531005859375,2.3002602473730893,0.36420787250073916
215,machine_learning,0,0.943359375,1.425053015430137,0.2256333941097717,1,0.06298828125,2.1217849849350876,0.3359492892813889
216,professional_psychology,1,1.732421875,1.4864630301013002,0.23535664643270587,1,0.263671875,4.638122181659102,0.7343693454293578
217,miscellaneous,1,1.27734375,1.4166821457990153,0.2243080064181774,1,0.00014209747314453125,2.37351089405891,0.3758058915593274
218,professional_accounting,1,1.75390625,1.4674512884872475,0.23234645401048085,1,1.03125,3.500635155146533,0.554267232898201
219,clinical_knowledge,0,1.3857421875,1.5493495656266918,0.24531368122422617,1,0.01312255859375,3.4861484898795707,0.5519735108975987
220,high_school_statistics,1,0.830078125,1.3673636536534988,0.216499245161804,1,0.08056640625,5.116687835489961,0.8101422406192438
221,professional_psychology,1,1.29296875,1.3117875748563823,0.20769969935226051,1,0.0296630859375,3.733729947161525,0.5911739083005747
222,miscellaneous,0,1.81640625,1.2344027114984963,0.19544709598726193,1,0.000732421875,2.1140615508317158,0.3347264122150216
223,electrical_engineering,0,1.7392578125,1.2375178523515213,0.19594032662232422,1,0.9453125,2.3450438537699547,0.37129861018024285
224,high_school_world_history,1,1.373046875,1.3192187524933583,0.20887630247811503,1,0.007080078125,4.842905766558256,0.7667934130383905
225,high_school_chemistry,0,1.185546875,1.4123513337327003,0.2236222945076775,0,0.38671875,3.733715280661897,0.5911715861048003
226,prehistory,0,1.3203125,1.4130004184872509,0.2237250662604814,1,0.009033203125,2.0696997953740888,0.32770246760089733
227,sociology,0,1.3837890625,1.3385014795922894,0.2119294009354458,0,0.0361328125,4.73145042792959,0.7491463177555184
228,formal_logic,1,1.3466796875,1.4413296527769708,0.2282105283563537,1,0.92578125,3.531542500358594,0.5591608958901108
229,professional_psychology,1,0.188232421875,1.5465414909749073,0.2448690694043603,1,0.0262451171875,3.4776473505394225,0.5506274971687418
230,security_studies,1,0.273193359375,1.499958323548355,0.2374934012284895,1,0.00482177734375,3.7175715576349537,0.5886154966255343
231,prehistory,1,0.8134765625,1.5553827211538767,0.24626893084936383,1,0.012451171875,4.906848757270871,0.7769177199012212
232,miscellaneous,0,1.18359375,1.4199427255527182,0.2248242648791804,0,0.333984375,2.220529228021027,0.3515837944366626
233,professional_accounting,0,1.55078125,1.3614754214132754,0.21556694172376858,0,1.25,4.673865042836514,0.740028631782448
234,elementary_mathematics,0,1.818359375,1.5359462961866548,0.24319149689622033,1,1.5,3.3675628599351475,0.5331974528230651
235,formal_logic,0,1.900390625,1.4712487375522518,0.23294771677910653,0,0.6328125,3.4596476051715066,0.5477775374854885
236,professional_law,0,1.390625,1.348943896019211,0.21358278353637505,0,1.8125,4.498833920766192,0.7123153707879804
237,clinical_knowledge,0,1.529296875,1.305018659791668,0.20662795446701407,1,0.000354766845703125,2.1802533869591696,0.3452067862685352
238,high_school_microeconomics,0,1.1767578125,1.2313231129492408,0.19495949288362976,1,0.00080108642578125,3.4128464424231497,0.5403673533836654
239,moral_disputes,0,1.181640625,1.2405250415534284,0.19641646491262615,1,0.0177001953125,2.750165616231021,0.43544288923657826
240,logical_fallacies,1,0.59130859375,1.2522645593891486,0.19827522190328184,1,0.01513671875,3.868992732700543,0.6125905160109193
241,high_school_world_history,1,0.9951171875,1.2945961148999572,0.20497771819249322,1,0.63671875,5.2257384901734545,0.8274085942774637
242,professional_law,0,1.5732421875,1.4024198808078976,0.22204981446125044,0,0.349609375,5.417509736618393,0.8577723749645788
243,high_school_psychology,1,1.8720703125,1.3699258341768519,0.21690492374466822,1,0.000873565673828125,2.3334597734788276,0.3694644641341477
244,high_school_european_history,1,0.96044921875,1.4069813901245816,0.22277205343639206,1,0.0005035400390625,7.360600688497116,1.1654284423453767
245,high_school_microeconomics,1,0.205810546875,1.5071606417437151,0.2386337682760882,1,0.00213623046875,2.16940431093842,0.34348901589858316
246,professional_accounting,1,1.984375,1.5585524197299705,0.24677079979057864,0,0.7890625,5.347176719083403,0.8466363138548721
247,security_studies,1,0.34326171875,1.684245204566452,0.26667215738968825,1,0.00445556640625,5.363547443099425,0.849228345157409
248,high_school_biology,0,0.234619140625,1.4801219878484908,0.23435264807601103,0,0.002777099609375,2.3481417442186348,0.3717891095012838
249,jurisprudence,1,0.04315185546875,1.223306486714723,0.19369019372983112,1,0.004638671875,2.0612665558969527,0.3263672046836842
250,nutrition,0,1.4033203125,1.2642473951602216,0.20017250423370173,1,0.1728515625,2.6175973037141764,0.41445290642141125
251,virology,0,1.8046875,1.3151236406213518,0.20822790976504735,0,0.07275390625,2.039399771249286,0.322904963781137
252,conceptual_physics,1,1.345703125,1.276501650053886,0.20211276125853192,1,0.07373046875,2.458264879635348,0.38922527260893003
253,high_school_physics,1,1.734375,1.3091503989108533,0.20728214649421842,0,1.09375,3.706578994622011,0.5868750074818183
254,high_school_european_history,1,1.1513671875,1.6286094892289975,0.25786316912792456,0,0.306640625,6.186557717207112,0.9795383052244593
255,professional_psychology,1,0.27587890625,1.6815540592007436,0.2662460593734511,1,0.03076171875,3.564067825079173,0.564310738970869
256,formal_logic,0,1.443359375,1.510900033630702,0.23922583865819444,1,0.96484375,2.1376911603967974,0.3384677670628263
257,moral_scenarios,0,1.80859375,1.4028701063522548,0.22212110017244033,0,0.07373046875,5.010637254821965,0.7933508986801445
258,jurisprudence,0,0.609375,1.4079362170635217,0.22292323436839093,1,0.00154876708984375,2.1914128758764537,0.34697370534710514
259,prehistory,1,0.6923828125,1.3648836627384262,0.21610657993358415,1,0.0004024505615234375,2.011379541731454,0.31846842744081355
260,conceptual_physics,0,1.380859375,1.3267236979673844,0.2100645855115025,1,0.76953125,2.3393328283644323,0.37039436449103513
261,professional_psychology,1,1.7021484375,1.2803924848024282,0.20272881009371777,1,0.028076171875,3.428497584984224,0.5428454509558354
262,machine_learning,1,0.328125,1.225931573279894,0.19410583243598323,1,0.357421875,2.320581672499861,0.36742543147914464
263,high_school_european_history,1,1.046875,1.4489305193046795,0.22941399888990757,1,0.040283203125,9.412574930056332,1.4903243639255859
264,clinical_knowledge,0,0.890625,1.488506265414211,0.2356801586905834,1,0.052490234375,2.8329982744441713,0.44855806012032706
265,moral_scenarios,0,1.814453125,1.3728181436710434,0.2173628727479152,0,1.0703125,3.695669684695147,0.5851477000767316
266,security_studies,1,0.478515625,1.2776342779956409,0.20229209401597645,1,0.609375,4.748381172413792,0.7518270189655171
267,elementary_mathematics,1,1.583984375,1.3581101298383997,0.21503410389107994,1,0.65234375,2.11165183645775,0.33434487410581043
268,high_school_physics,0,1.6669921875,1.4357637593819004,0.22732926190213423,1,0.033447265625,5.47436762541879,0.8667748740246416
269,business_ethics,0,1.53515625,1.6343669722677168,0.2587747706090552,0,0.04638671875,3.6824509027856536,0.5830547262743953
270,high_school_government_and_politics,0,1.1572265625,1.4630611958977533,0.23165135601714423,0,0.234375,4.479396001245927,0.7092377001972718
271,logical_fallacies,1,1.0625,1.2624880947838901,0.1998939483407826,0,0.53125,3.9281008262462005,0.6219492974889818
272,high_school_world_history,0,0.12286376953125,1.261364923401254,0.19971611287186522,1,0.000339508056640625,7.165148708026367,1.1344818787708413
273,high_school_psychology,0,1.5400390625,1.3390077576583794,0.21200956162924336,1,0.02685546875,4.873631261429335,0.7716582830596447
274,world_religions,0,0.10003662109375,1.3337978199491722,0.2111846548252856,1,0.00162506103515625,2.0711220914834927,0.32792766448488636
275,high_school_mathematics,1,1.72265625,1.3234633372201166,0.20954836172651847,0,1.5625,3.6774983363051956,0.5822705699149893
276,high_school_world_history,0,0.1346435546875,1.476247704513552,0.23373921988131238,1,0.00958251953125,5.393831941493706,0.8540233907365034
277,professional_law,1,1.3984375,1.6725323550312783,0.26481762287995236,0,0.75,9.647027624274775,1.5274460405101726
278,professional_psychology,0,0.0283966064453125,1.2545079074684866,0.19863041868251038,0,0.0015716552734375,2.126178381864241,0.3366449104618382
279,astronomy,0,0.468505859375,1.2388441385916136,0.19615032194367213,0,0.09765625,3.53603497580683,0.559872204502748
280,econometrics,1,0.8994140625,1.2617097246064144,0.1997707063960156,0,0.1416015625,4.98832966945715,0.7898188643307155
281,moral_scenarios,0,1.79296875,1.3152742043496364,0.20825174902202576,1,0.181640625,4.256306265695541,0.6739151587351272
282,econometrics,0,1.03125,1.2545470854848157,0.19863662186842915,1,0.0123291015625,4.13692664880171,0.6550133860602708
283,high_school_us_history,0,0.6083984375,1.3878598100158106,0.21974446991917002,1,0.004150390625,7.632563287387038,1.2084891871696144
284,elementary_mathematics,0,1.7421875,1.5754578610082517,0.24944749465963986,1,1.5078125,2.1651869964699255,0.3428212744410715
285,virology,0,0.9658203125,1.4446645857080451,0.22873855940377377,0,0.75390625,3.6178563990684833,0.5728272631858432
286,elementary_mathematics,0,1.37109375,1.4233842573611415,0.22536917408218074,0,1.84375,2.689529780005624,0.4258422151675571
287,clinical_knowledge,1,1.927734375,1.3481938297826581,0.21346402304892084,1,0.08056640625,3.601368999657986,0.5702167582791811
288,professional_medicine,1,0.97216796875,1.3424293368727038,0.21255131167151142,1,0.027099609375,4.780833704041255,0.7569653364731986
289,jurisprudence,1,1.0341796875,1.4263640200416559,0.22584096983992885,0,1.109375,2.1658313390553774,0.34292329535043475
290,management,1,0.11065673828125,1.5173531755348995,0.24024758612635905,1,0.004486083984375,2.064432336811811,0.3268684533285367
291,professional_law,1,0.11248779296875,1.4000055812115055,0.22166755035848837,1,0.004425048828125,5.380314125544849,0.8518830698779343
292,high_school_world_history,1,1.21875,1.3383867371631761,0.21191123338416953,1,0.10888671875,9.6247554597822,1.5239196144655152
293,formal_logic,0,1.9013671875,1.3678183125097858,0.2165712328140494,0,1.4296875,3.5647520147565803,0.5644190690031252
294,professional_psychology,1,0.74365234375,1.434630705430623,0.22714986169318196,1,0.027587890625,2.69845472328729,0.42725533118715425
295,moral_scenarios,0,1.869140625,1.3706456618377185,0.21701889645763878,1,0.07275390625,4.018549936524851,0.6362704066164346
296,high_school_world_history,1,1.3193359375,1.464839337406908,0.2319328950894271,1,0.1171875,7.7344801303762125,1.2246260206429003
297,moral_scenarios,1,1.87109375,1.3902781343624782,0.220127371274059,0,0.69921875,3.7647691052895516,0.5960884416708457
298,college_mathematics,0,1.7509765625,1.376846990005176,0.2180007734174862,1,0.328125,4.879983347639384,0.7726640300429024
299,high_school_government_and_politics,0,1.8876953125,1.4002431795674277,0.22170517009817606,1,0.00106048583984375,2.1837854871355793,0.3457660354631334
